Extension,YearMonth,count,points
.ai,2024-02,11,1
.ai,2024-06,10,1
.dng,2022-01,26,2
.dng,2022-04,56,5
.ds_store,2024-08,37,3
.ds_store,2024-09,42,4
.ds_store,2024-11,61,6
.ds_store,2024-12,37,3
.ds_store,2025-01,35,3
.heic,2020-12,12,1
.heic,2024-09,17,1
.heic,2025-02,3904,390
.jpg,2015-07,17,1
.jpg,2016-12,66,6
.jpg,2017-05,14,1
.jpg,2019-11,26,2
.jpg,2019-12,14,1
.jpg,2020-12,38,3
.jpg,2021-03,18,1
.jpg,2021-11,68,6
.jpg,2022-01,45,4
.jpg,2022-02,34,3
.jpg,2022-04,175,17
.jpg,2022-05,24,2
.jpg,2022-06,35,3
.jpg,2022-07,102,10
.jpg,2022-08,12,1
.jpg,2022-10,19,1
.jpg,2024-01,267,26
.mov,2020-12,33,3
.mov,2021-02,23,2
.mov,2021-03,13,1
.mov,2022-10,13,1
.mov,2024-01,15,1
.mov,2024-02,61,6
.mov,2024-09,16,1
.mov,2024-11,13,1
.mp4,2022-01,51,5
.mp4,2022-04,65,6
.mp4,2022-05,20,2
.mp4,2022-06,43,4
.mp4,2022-07,42,4
.mp4,2023-11,36,3
.nef,2021-04,116,11
.nef,2021-07,75,7
.nef,2021-08,12,1
.nef,2022-05,472,47
.nef,2022-07,335,33
.nef,2022-08,169,16
.nef,2022-11,325,32
.nef,2022-12,576,57
.nef,2023-01,279,27
.nef,2023-08,667,66
.nef,2023-10,779,77
.nef,2024-01,360,36
.nef,2024-08,25,2
.nef,2024-11,130,13
.png,2021-04,21,2
.png,2021-05,21,2
.png,2024-01,24,2
.png,2024-11,31,3
.png,2025-02,3904,390
.psd,2021-08,17,1
.autre,2015-01,11,1
.autre,2017-03,16,1
.autre,2019-11,13,1
.autre,2019-12,10,1
.autre,2020-03,13,1
.autre,2023-10,12,1
.autre,2024-02,13,1
.autre,2025-01,12,1
.autre,2025-02,24,2
.ai,2021-01,10,1
.ai,2021-02,14,1
.ai,2022-10,18,1
.ai,2022-11,12,1
.ai,2022-12,15,1
.ai,2023-01,28,2
.ai,2023-02,60,6
.ai,2023-03,11,1
.ai,2023-04,19,1
.ai,2023-11,17,1
.ai,2023-12,20,2
.ai,2024-01,15,1
.ai,2024-02,14,1
.ai,2024-03,10,1
.ai,2024-04,10,1
.ai,2024-05,10,1
.ai,2024-06,13,1
.blend,2022-07,18,2
.blend,2022-11,18,1
.blend,2022-12,81,8
.blend,2023-01,58,5
.blend,2023-02,22,2
.blend,2023-04,29,2
.blend,2024-02,65,6
.blend,2024-03,51,5
.blend,2024-04,18,1
.blend,2024-06,18,1
.blend,2024-09,49,4
.blend,2024-10,53,5
.blend,2024-11,20,2
.blend,2024-12,22,2
.blend,2025-01,45,4
.blend1,2024-03,12,1
.blend1,2024-12,16,1
.blend1,2025-01,15,1
.dwg,2024-01,12,1
.dwg,2024-02,23,2
.indd,2022-02,17,1
.indd,2022-11,11,1
.indd,2022-12,13,1
.indd,2023-12,10,1
.indd,2024-02,14,1
.indd,2024-04,14,1
.indd,2024-08,12,1
.indd,2025-01,12,1
.jpeg,2015-10,16,1
.jpeg,2020-12,49,4
.jpeg,2021-01,23,2
.jpeg,2021-02,17,1
.jpeg,2022-02,31,3
.jpeg,2022-03,11,1
.jpeg,2022-08,19,1
.jpeg,2022-10,91,9
.jpeg,2022-12,16,1
.jpeg,2023-01,40,4
.jpeg,2023-03,66,6
.jpeg,2023-07,31,3
.jpeg,2023-09,14,1
.jpeg,2024-01,18,1
.jpeg,2024-04,47,4
.jpeg,2024-11,21,2
.jpg,2015-07,33,3
.jpg,2015-08,20,2
.jpg,2015-09,24,2
.jpg,2015-10,63,6
.jpg,2016-06,11,1
.jpg,2019-11,13,1
.jpg,2020-02,30,3
.jpg,2020-12,29,2
.jpg,2021-02,26,2
.jpg,2021-03,11,1
.jpg,2021-04,34,3
.jpg,2021-10,16,1
.jpg,2021-12,20,2
.jpg,2022-01,31,3
.jpg,2022-02,111,11
.jpg,2022-04,56,5
.jpg,2022-05,143,14
.jpg,2022-07,13,1
.jpg,2022-08,52,5
.jpg,2022-11,95,9
.jpg,2022-12,68,6
.jpg,2023-01,35,3
.jpg,2023-02,10,1
.jpg,2023-07,37,3
.jpg,2023-08,56,5
.jpg,2023-10,339,33
.jpg,2023-11,16,1
.jpg,2023-12,10,1
.jpg,2024-02,20,2
.jpg,2024-04,26,2
.jpg,2024-05,29,2
.jpg,2024-06,74,7
.jpg,2024-10,16,1
.jpg,2024-11,40,4
.jpg,2024-12,156,15
.jpg,2025-01,534,53
.meta,2024-10,65,6
.mov,2020-12,10,1
.mov,2024-02,35,3
.mov,2024-11,13,1
.mov,2024-12,115,2
.mov,2025-01,26,2
.mp3,2024-10,23,2
.mp4,1979-12,71,7
.mp4,2018-09,12,1
.mp4,2024-09,30,3
.mp4,2024-10,13,1
.mp4,2024-11,28,2
.mp4,2024-12,33,3
.mp4,2025-01,10,1
.obj,2023-06,14,1
.pdf,2020-03,12,1
.pdf,2021-01,18,1
.pdf,2021-02,10,1
.pdf,2021-06,13,1
.pdf,2021-09,11,1
.pdf,2021-10,40,4
.pdf,2021-12,36,3
.pdf,2022-01,19,1
.pdf,2022-02,31,3
.pdf,2022-03,22,2
.pdf,2022-04,22,2
.pdf,2022-05,26,2
.pdf,2022-09,34,3
.pdf,2022-10,74,7
.pdf,2022-11,27,2
.pdf,2022-12,58,5
.pdf,2023-01,44,4
.pdf,2023-02,22,2
.pdf,2023-03,44,4
.pdf,2023-04,15,1
.pdf,2023-05,40,4
.pdf,2023-08,14,1
.pdf,2023-09,27,2
.pdf,2023-10,62,6
.pdf,2023-11,24,2
.pdf,2023-12,24,2
.pdf,2024-01,41,4
.pdf,2024-02,84,8
.pdf,2024-04,96,9
.pdf,2024-05,100,10
.pdf,2024-06,35,3
.pdf,2024-08,19,1
.pdf,2024-09,20,2
.pdf,2024-11,25,2
.pdf,2024-12,25,2
.pdf,2025-01,31,3
.pek,2024-09,26,2
.pek,2024-10,13,1
.pek,2024-12,18,1
.png,2021-02,34,3
.png,2021-03,54,5
.png,2021-04,126,12
.png,2021-05,30,3
.png,2021-06,15,1
.png,2021-08,12,1
.png,2021-09,10,1
.png,2021-10,53,5
.png,2021-11,80,8
.png,2021-12,39,3
.png,2022-01,45,4
.png,2022-02,112,11
.png,2022-03,50,5
.png,2022-04,55,5
.png,2022-05,84,8
.png,2022-06,40,4
.png,2022-07,23,2
.png,2022-09,23,2
.png,2022-10,111,11
.png,2022-11,100,10
.png,2022-12,120,12
.png,2023-01,82,8
.png,2023-02,73,7
.png,2023-03,137,13
.png,2023-04,97,9
.png,2023-06,113,11
.png,2023-07,21,2
.png,2023-09,46,4
.png,2023-10,89,8
.png,2023-11,37,3
.png,2023-12,145,14
.png,2024-01,46,4
.png,2024-02,90,9
.png,2024-03,14,1
.png,2024-04,59,5
.png,2024-06,15,1
.png,2024-08,82,8
.png,2024-09,2722,272
.png,2024-10,17,1
.png,2024-11,285,28
.png,2024-12,1368,136
.png,2025-01,1165,116
.png,2025-02,29,2
.prproj,1979-12,17,1
.prproj,2021-03,48,4
.prproj,2022-01,38,3
.prproj,2024-09,53,5
.prproj,2024-10,37,3
.prproj,2024-11,49,4
.prproj,2024-12,68,6
.prproj,2025-01,19,1
.psd,2020-12,26,2
.psd,2021-02,16,1
.psd,2021-04,20,2
.psd,2021-05,26,2
.psd,2021-09,10,1
.psd,2021-11,12,1
.psd,2022-01,70,7
.psd,2022-04,16,1
.psd,2022-05,13,1
.psd,2022-06,13,1
.psd,2022-10,20,2
.psd,2022-11,34,3
.psd,2023-01,24,2
.psd,2023-02,10,1
.psd,2023-04,11,1
.psd,2023-06,12,1
.psd,2023-11,17,1
.psd,2023-12,19,1
.psd,2024-01,18,1
.psd,2024-02,44,4
.psd,2024-03,13,1
.psd,2024-04,38,3
.psd,2024-08,20,2
.psd,2024-09,15,1
.psd,2024-11,15,1
.psd,2024-12,14,1
.svg,2023-01,33,3
.svg,2023-02,24,2
.svg,2023-03,26,2
.svg,2023-04,17,1
.svg,2023-11,14,1
.svg,2024-01,10,1
.svg,2024-03,70,7
.svg,2024-04,20,2
.svg,2024-06,23,2
.tif,2024-03,15,1
.tif,2024-04,37,3
.tif,2024-06,69,6
.toe,2023-01,34,3
.toe,2024-06,15,1
.toe,2024-09,42,4
.toe,2024-12,14,1
.tweet,2017-09,10,1
.tweet,2017-11,11,1
.tweet,2019-12,11,1
.tweet,2020-02,12,1
.tweet,2020-03,60,6
.tweet,2020-04,249,24
.tweet,2020-05,231,23
.tweet,2020-06,459,45
.tweet,2020-07,445,44
.tweet,2020-08,269,26
.tweet,2020-09,260,26
.tweet,2020-10,333,33
.tweet,2020-11,104,10
.tweet,2020-12,168,16
.tweet,2021-01,198,19
.tweet,2021-02,106,10
.tweet,2021-03,101,10
.tweet,2021-04,132,13
.tweet,2021-05,20,2
.tweet,2021-07,35,3
.tweet,2021-08,40,4
.tweet,2021-12,33,3
.tweet,2022-01,62,6
.tweet,2022-02,116,11
.tweet,2022-03,58,5
.tweet,2022-04,50,5
.tweet,2022-05,37,3
.tweet,2022-06,28,2
.tweet,2022-07,75,7
.tweet,2022-08,57,5
.tweet,2022-09,16,1
.tweet,2024-05,10,1
.tweet,2024-06,15,1
.tweet,2024-07,27,2
.tweet,2024-08,37,3
.tweet,2024-09,10,1
.tweet,2024-10,11,1
.tweet,2024-11,11,1
.tweet,2024-12,14,1
.xmp,2021-03,73,7
.xmp,2021-04,12,1
.xmp,2021-08,12,1
.xmp,2022-01,14,1
.xmp,2022-05,134,13
.xmp,2022-08,19,1
.xmp,2022-11,167,16
.xmp,2022-12,28,2
.xmp,2023-01,31,3
.xmp,2023-08,67,6
.xmp,2023-10,352,35
.xmp,2024-01,51,5
.xmp,2024-11,40,4
